username,password,is_password_enabled
username1,password12,True
username2,,True
username3,,False
username4,pwd4,True
,password5,True
username1,password12,True
username2,,True
username3,,False
username4,pwd4,True
,password5,True
username1,password12,True
username2,,True
username3,,False
username4,pwd4,True
,password5,True
username1,password12,True
username2,,True
username3,,False
username4,pwd4,True
,password5,True
username1,password12,True
username2,,True
username3,,False
username4,pwd4,True
,password5,True
username1,password12,True
username2,,True
username3,,False
username4,pwd4,True
,password5,True
username1,password12,True
username2,,True
username3,,False
username4,pwd4,True
,password5,True
username1,password12,True
username2,,True
username3,,False
username4,pwd4,True
,password5,True
username1,password12,True
username2,,True
username3,,False
username4,pwd4,True
,password5,True
username1,password12,True
username2,,True
username3,,False
username4,pwd4,True
,password5,True
username1,password12,True
username2,,True
username3,,False
username4,pwd4,True
,password5,True
username1,password12,True
username2,,True
username3,,False
username4,pwd4,True
,password5,True
username1,password12,True
username2,,True
username3,,False
username4,pwd4,True
,password5,True
username1,password12,True
username2,,True
username3,,False
username4,pwd4,True
,password5,True
username1,password12,True
username2,,True
username3,,False
username4,pwd4,True
,password5,True
username1,password12,True
username2,,True
username3,,False
username4,pwd4,True
,password5,True
username1,password12,True
username2,,True
username3,,False
username4,pwd4,True
,password5,True
username1,password12,True
username2,,True
username3,,False
username4,pwd4,True
,password5,True
username1,password12,True
username2,,True
username3,,False
username4,pwd4,True
,password5,True
username1,password12,True
username2,,True
username3,,False
username4,pwd4,True
,password5,True
username1,password12,True
username2,,True
username3,,False
username4,pwd4,True
,password5,True
username1,password12,True
username2,,True
username3,,False
username4,pwd4,True
,password5,True
username1,password12,True
username2,,True
username3,,False
username4,pwd4,True
,password5,True
username1,password12,True
username2,,True
username3,,False
username4,pwd4,True
,password5,True
username1,password12,True
username1,password12,True
username1,password12,True
username1,password12,True
username1,password12,True
username1,password12,True
username1,password12,True
username1,password12,True
username1,password12,True
username1,password12,True
username1,password12,True
username1,password12,True
username1,password12,True
username1,password12,True
username1,password12,True
username1,password12,True
username1,password12,True
username1,password12,True
username1,password12,True
username1,password12,True
username1,password12,True
username1,password12,True
username1,password12,True
username1,password12,True
username1,password12,True
username1,password12,True
username1,password12,True
username1,password12,True
username1,password12,True
username1,password12,True
username1,password12,True
username1,password12,True
username1,password12,True
username1,password12,True
username1,password12,True
username1,password12,True
username1,password12,True
username1,password12,True
username1,password12,True
username1,password12,True
username1,password12,True
username1,password12,True
username1,password12,True
username1,password12,True
username1,password12,True
username1,password12,True
username1,password12,True
username1,password12,True
username1,password12,True
username1,password12,True
username1,password12,True
username1,password12,True
username1,password12,True
username1,password12,True
username1,password12,True
username1,password12,True
username1,password12,True
username1,password12,True
username1,password12,True
username1,password12,True
username1,password12,True
username1,password12,True
username1,password12,True
username1,password12,True
username1,password12,True
username1,password12,True
username1,password12,True
username1,password12,True
username1,password12,True
username1,password12,True
username1,password12,True
username2,,True
username3,,False
username4,pwd4,True
,password5,True
username1,password12,True
username2,,True
username3,,False
username4,pwd4,True
,password5,True
username1,password12,True
username2,,True
username3,,False
username4,pwd4,True
,password5,True
username1,password12,True
username2,,True
username3,,False
username4,pwd4,True
,password5,True
username1,password12,True
username2,,True
username3,,False
username4,pwd4,True
,password5,True
username1,password12,True
username2,,True
username3,,False
username4,pwd4,True
,password5,True
username1,password12,True
username2,,True
username3,,False
username4,pwd4,True
,password5,True
username1,password12,True
username2,,True
username3,,False
username4,pwd4,True
,password5,True
username1,password12,True
username2,,True
username3,,False
username4,pwd4,True
,password5,True
username1,password12,True
username2,,True
username3,,False
username4,pwd4,True
,password5,True
username1,password12,True
username2,,True
username3,,False
username4,pwd4,True
,password5,True
username1,password12,True
username2,,True
username3,,False
username4,pwd4,True
,password5,True
username1,password12,True
username2,,True
username3,,False
username4,pwd4,True
,password5,True
username1,password12,True
username2,,True
username3,,False
username4,pwd4,True
,password5,True
username1,password12,True
username2,,True
username3,,False
username4,pwd4,True
,password5,True
username1,password12,True
username2,,True
username3,,False
username4,pwd4,True
,password5,True
username1,password12,True
username2,,True
username3,,False
username4,pwd4,True
,password5,True
username1,password12,True
username2,,True
username3,,False
username4,pwd4,True
,password5,True
username1,password12,True
username2,,True
username3,,False
username4,pwd4,True
,password5,True
username1,password12,True
username2,,True
username3,,False
username4,pwd4,True
,password5,True
username1,password12,True
username2,,True
username3,,False
username4,pwd4,True
,password5,True
username1,password12,True
username2,,True
username3,,False
username4,pwd4,True
,password5,True
username1,password12,True
username2,,True
username3,,False
username4,pwd4,True
,password5,True
username1,password12,True
username2,,True
username3,,False
username4,pwd4,True
,password5,True
username1,password12,True
username2,,True
username3,,False
username4,pwd4,True
,password5,True
username1,password12,True
username2,,True
username3,,False
username4,pwd4,True
,password5,True
username1,password12,True
username2,,True
username3,,False
username4,pwd4,True
,password5,True
username1,password12,True
username2,,True
username3,,False
username4,pwd4,True
,password5,True
username1,password12,True
username2,,True
username3,,False
username4,pwd4,True
,password5,True
username1,password12,True
username2,,True
username3,,False
username4,pwd4,True
,password5,True
username1,password12,True
username2,,True
username3,,False
username4,pwd4,True
,password5,True
username1,password12,True
username2,,True
username3,,False
username4,pwd4,True
,password5,True
username1,password12,True
username2,,True
username3,,False
username4,pwd4,True
,password5,True
username1,password12,True
username2,,True
username3,,False
username4,pwd4,True
,password5,True
username1,password12,True
username2,,True
username3,,False
username4,pwd4,True
,password5,True
username1,password12,True
username2,,True
username3,,False
username4,pwd4,True
,password5,True
username1,password12,True
username2,,True
username3,,False
username4,pwd4,True
,password5,True
username1,password12,True
username2,,True
username3,,False
username4,pwd4,True
,password5,True
username1,password12,True
username2,,True
username3,,False
username4,pwd4,True
,password5,True
username1,password12,True
username2,,True
username3,,False
username4,pwd4,True
,password5,True
username1,password12,True
username2,,True
username3,,False
username4,pwd4,True
,password5,True
username1,password12,True
username2,,True
username3,,False
username4,pwd4,True
,password5,True
username1,password12,True
username2,,True
username3,,False
username4,pwd4,True
,password5,True
username1,password12,True
username2,,True
username3,,False
username4,pwd4,True
,password5,True
username1,password12,True
username2,,True
username3,,False
username4,pwd4,True
,password5,True
username1,password12,True
username2,,True
username3,,False
username4,pwd4,True
,password5,True
username1,password12,True
username2,,True
username3,,False
username4,pwd4,True
,password5,True
username1,password12,True
username2,,True
username3,,False
username4,pwd4,True
,password5,True
username1,password12,True
username2,,True
username3,,False
username4,pwd4,True
,password5,True
username1,password12,True
username2,,True
username3,,False
username4,pwd4,True
,password5,True
username1,password12,True
username2,,True
username3,,False
username4,pwd4,True
,password5,True
username1,password12,True
username2,,True
username3,,False
username4,pwd4,True
,password5,True
username1,password12,True
username2,,True
username3,,False
username4,pwd4,True
,password5,True
username1,password12,True
username2,,True
username3,,False
username4,pwd4,True
,password5,True
username1,password12,True
username2,,True
username3,,False
username4,pwd4,True
,password5,True
username1,password12,True
username2,,True
username3,,False
username4,pwd4,True
,password5,True
username1,password12,True
username2,,True
username3,,False
username4,pwd4,True
,password5,True
username1,password12,True
username2,,True
username3,,False
username4,pwd4,True
,password5,True
username1,password12,True
username2,,True
username3,,False
username4,pwd4,True
,password5,True
username1,password12,True
username2,,True
username3,,False
username4,pwd4,True
,password5,True
username1,password12,True
username2,,True
username3,,False
username4,pwd4,True
,password5,True
username1,password12,True
username2,,True
username3,,False
username4,pwd4,True
,password5,True
username1,password12,True
username2,,True
username3,,False
username4,pwd4,True
,password5,True
username1,password12,True
username2,,True
username3,,False
username4,pwd4,True
,password5,True
username1,password12,True
username2,,True
username3,,False
username4,pwd4,True
,password5,True
username1,password12,True
username2,,True
username3,,False
username4,pwd4,True
,password5,True
username1,password12,True
username2,,True
username3,,False
username4,pwd4,True
,password5,True
username1,password12,True
username2,,True
username3,,False
username4,pwd4,True
,password5,True
username1,password12,True
username2,,True
username3,,False
username4,pwd4,True
,password5,True
username1,password12,True
username2,,True
username3,,False
username4,pwd4,True
,password5,True
username1,password12,True
username2,,True
username3,,False
username4,pwd4,True
,password5,True
username1,password12,True
username2,,True
username3,,False
username4,pwd4,True
,password5,True
username1,password12,True
username2,,True
username3,,False
username4,pwd4,True
,password5,True
username1,password12,True
username2,,True
username3,,False
username4,pwd4,True
,password5,True
username1,password12,True
username2,,True
username3,,False
username4,pwd4,True
,password5,True
username1,password12,True
username2,,True
username3,,False
username4,pwd4,True
,password5,True
username1,password12,True
username2,,True
username3,,False
username4,pwd4,True
,password5,True
username1,password12,True
username2,,True
username3,,False
username4,pwd4,True
,password5,True
username1,password12,True
username2,,True
username3,,False
username4,pwd4,True
,password5,True
username1,password12,True
username2,,True
username3,,False
username4,pwd4,True
,password5,True
username1,password12,True
username2,,True
username3,,False
username4,pwd4,True
,password5,True
username1,password12,True
username2,,True
username3,,False
username4,pwd4,True
,password5,True
username1,password12,True
username2,,True
username3,,False
username4,pwd4,True
,password5,True
username1,password12,True
username2,,True
username3,,False
username4,pwd4,True
,password5,True
username1,password12,True
username2,,True
username3,,False
username4,pwd4,True
,password5,True
username1,password12,True
username2,,True
username3,,False
username4,pwd4,True
,password5,True
username1,password12,True
username2,,True
username3,,False
username4,pwd4,True
,password5,True
username1,password12,True
username2,,True
username3,,False
username4,pwd4,True
,password5,True
username1,password12,True
username2,,True
username3,,False
username4,pwd4,True
,password5,True
username1,password12,True
username2,,True
username3,,False
username4,pwd4,True
,password5,True
username1,password12,True
username2,,True
username3,,False
username4,pwd4,True
,password5,True
username1,password12,True
username2,,True
username3,,False
username4,pwd4,True
,password5,True
username1,password12,True
username2,,True
username3,,False
username4,pwd4,True
,password5,True
username1,password12,True
username2,,True
username3,,False
username4,pwd4,True
,password5,True
username1,password12,True
username2,,True
username3,,False
username4,pwd4,True
,password5,True
username1,password12,True
username2,,True
username3,,False
username4,pwd4,True
,password5,True
username1,password12,True
username2,,True
username3,,False
username4,pwd4,True
,password5,True
username1,password12,True
username2,,True
username3,,False
username4,pwd4,True
,password5,True
username1,password12,True
username2,,True
username3,,False
username4,pwd4,True
,password5,True
username1,password12,True
username2,,True
username3,,False
username4,pwd4,True
,password5,True
username1,password12,True
username2,,True
username3,,False
username4,pwd4,True
,password5,True
username1,password12,True
username2,,True
username3,,False
username4,pwd4,True
,password5,True
username1,password12,True
username2,,True
username3,,False
username4,pwd4,True
,password5,True
username1,password12,True
username2,,True
username3,,False
username4,pwd4,True
,password5,True
username1,password12,True
username2,,True
username3,,False
username4,pwd4,True
,password5,True
username1,password12,True
username2,,True
username3,,False
username4,pwd4,True
,password5,True
username1,password12,True
username2,,True
username3,,False
username4,pwd4,True
,password5,True
username1,password12,True
username2,,True
username3,,False
username4,pwd4,True
,password5,True
username1,password12,True
username2,,True
username3,,False
username4,pwd4,True
,password5,True
username1,password12,True
username2,,True
username3,,False
username4,pwd4,True
,password5,True
username1,password12,True
username2,,True
username3,,False
username4,pwd4,True
,password5,True
username1,password12,True
username2,,True
username3,,False
username4,pwd4,True
,password5,True
username1,password12,True
username2,,True
username3,,False
username4,pwd4,True
,password5,True
username1,password12,True
username2,,True
username3,,False
username4,pwd4,True
,password5,True
username1,password12,True
username2,,True
username3,,False
username4,pwd4,True
,password5,True
username1,password12,True
username2,,True
username3,,False
username4,pwd4,True
,password5,True
username1,password12,True
username2,,True
username3,,False
username4,pwd4,True
,password5,True
username1,password12,True
username2,,True
username3,,False
username4,pwd4,True
,password5,True
username1,password12,True
username2,,True
username3,,False
username4,pwd4,True
,password5,True
username1,password12,True
username2,,True
username3,,False
username4,pwd4,True
,password5,True
username1,password12,True
username2,,True
username3,,False
username4,pwd4,True
,password5,True
username1,password12,True
username2,,True
username3,,False
username4,pwd4,True
,password5,True
username1,password12,True
username2,,True
username3,,False
username4,pwd4,True
,password5,True
username1,password12,True
username2,,True
username3,,False
username4,pwd4,True
,password5,True
username1,password12,True
username2,,True
username3,,False
username4,pwd4,True
,password5,True
username1,password12,True
username2,,True
username3,,False
username4,pwd4,True
,password5,True
username1,password12,True
username2,,True
username3,,False
username4,pwd4,True
,password5,True
username1,password12,True
username2,,True
username3,,False
username4,pwd4,True
,password5,True
username1,password12,True
username2,,True
username3,,False
username4,pwd4,True
,password5,True
username1,password12,True
username2,,True
username3,,False
username4,pwd4,True
,password5,True
username1,password12,True
username2,,True
username3,,False
username4,pwd4,True
,password5,True
username1,password12,True
username2,,True
username3,,False
username4,pwd4,True
,password5,True
username1,password12,True
username2,,True
username3,,False
username4,pwd4,True
,password5,True
username1,password12,True
username2,,True
username3,,False
username4,pwd4,True
,password5,True
username1,password12,True
username2,,True
username3,,False
username4,pwd4,True
,password5,True
username1,password12,True
username2,,True
username3,,False
username4,pwd4,True
,password5,True
username1,password12,True
username2,,True
username3,,False
username4,pwd4,True
,password5,True
username1,password12,True
username2,,True
username3,,False
username4,pwd4,True
,password5,True
username1,password12,True
username2,,True
username3,,False
username4,pwd4,True
,password5,True
username1,password12,True
username2,,True
username3,,False
username4,pwd4,True
,password5,True
username1,password12,True
username2,,True
username3,,False
username4,pwd4,True
,password5,True
username1,password12,True
username2,,True
username3,,False
username4,pwd4,True
,password5,True
username1,password12,True
username2,,True
username3,,False
username4,pwd4,True
,password5,True
username1,password12,True
username2,,True
username3,,False
username4,pwd4,True
,password5,True
username1,password12,True
username2,,True
username3,,False
username4,pwd4,True
,password5,True
username1,password12,True
username2,,True
username3,,False
username4,pwd4,True
,password5,True
username1,password12,True
username2,,True
username3,,False
username4,pwd4,True
,password5,True
username1,password12,True
username2,,True
username3,,False
username4,pwd4,True
,password5,True
username1,password12,True
username2,,True
username3,,False
username4,pwd4,True
,password5,True
username1,password12,True
username2,,True
username3,,False
username4,pwd4,True
,password5,True
username1,password12,True
username2,,True
username3,,False
username4,pwd4,True
,password5,True
username1,password12,True
username2,,True
username3,,False
username4,pwd4,True
,password5,True
username1,password12,True
username2,,True
username3,,False
username4,pwd4,True
,password5,True
username1,password12,True
username2,,True
username3,,False
username4,pwd4,True
,password5,True
username1,password12,True
username2,,True
username3,,False
username4,pwd4,True
,password5,True
username1,password12,True
username2,,True
username3,,False
username4,pwd4,True
,password5,True
username1,password12,True
username2,,True
username3,,False
username4,pwd4,True
,password5,True
username1,password12,True
username2,,True
username3,,False
username4,pwd4,True
,password5,True
username1,password12,True
username2,,True
username3,,False
username4,pwd4,True
,password5,True
username1,password12,True
username2,,True
username3,,False
username4,pwd4,True
,password5,True
username1,password12,True
username2,,True
username3,,False
username4,pwd4,True
,password5,True
username1,password12,True
username2,,True
username3,,False
username4,pwd4,True
,password5,True
username1,password12,True
username2,,True
username3,,False
username4,pwd4,True
,password5,True
username1,password12,True
username2,,True
username3,,False
username4,pwd4,True
,password5,True
username1,password12,True
username2,,True
username3,,False
username4,pwd4,True
,password5,True
username1,password12,True
username2,,True
username3,,False
username4,pwd4,True
,password5,True
username1,password12,True
username2,,True
username3,,False
username4,pwd4,True
,password5,True
username1,password12,True
username2,,True
username3,,False
username4,pwd4,True
,password5,True
username1,password12,True
username2,,True
username3,,False
username4,pwd4,True
,password5,True
username1,password12,True
username2,,True
username3,,False
username4,pwd4,True
,password5,True
username1,password12,True
username2,,True
username3,,False
username4,pwd4,True
,password5,True
username1,password12,True
username2,,True
username3,,False
username4,pwd4,True
,password5,True
username1,password12,True
username2,,True
username3,,False
username4,pwd4,True
,password5,True
username1,password12,True
username2,,True
username3,,False
username4,pwd4,True
,password5,True
username1,password12,True
username2,,True
username3,,False
username4,pwd4,True
,password5,True
username1,password12,True
username2,,True
username3,,False
username4,pwd4,True
,password5,True
username1,password12,True
username2,,True
username3,,False
username4,pwd4,True
,password5,True
username1,password12,True
username2,,True
username3,,False
username4,pwd4,True
,password5,True
username1,password12,True
username2,,True
username3,,False
username4,pwd4,True
,password5,True
username1,password12,True
username2,,True
username3,,False
username4,pwd4,True
,password5,True
username1,password12,True
username2,,True
username3,,False
username4,pwd4,True
,password5,True
username1,password12,True
username2,,True
username3,,False
username4,pwd4,True
,password5,True
username1,password12,True
username2,,True
username3,,False
username4,pwd4,True
,password5,True
username1,password12,True
username2,,True
username3,,False
username4,pwd4,True
,password5,True
username1,password12,True
username2,,True
username3,,False
username4,pwd4,True
,password5,True
username1,password12,True
username2,,True
username3,,False
username4,pwd4,True
,password5,True
username1,password12,True
username2,,True
username3,,False
username4,pwd4,True
,password5,True
username1,password12,True
username2,,True
username3,,False
username4,pwd4,True
,password5,True
username1,password12,True
username2,,True
username3,,False
username4,pwd4,True
,password5,True
username1,password12,True
username2,,True
username3,,False
username4,pwd4,True
,password5,True
username1,password12,True
username2,,True
username3,,False
username4,pwd4,True
,password5,True
username1,password12,True
username2,,True
username3,,False
username4,pwd4,True
,password5,True
username1,password12,True
username2,,True
username3,,False
username4,pwd4,True
,password5,True
username1,password12,True
username2,,True
username3,,False
username4,pwd4,True
,password5,True
username1,password12,True
username2,,True
username3,,False
username4,pwd4,True
,password5,True
username1,password12,True
username2,,True
username3,,False
username4,pwd4,True
,password5,True
username1,password12,True
username2,,True
username3,,False
username4,pwd4,True
,password5,True
username1,password12,True
username2,,True
username3,,False
username4,pwd4,True
,password5,True
username1,password12,True
username2,,True
username3,,False
username4,pwd4,True
,password5,True
username1,password12,True
username2,,True
username3,,False
username4,pwd4,True
,password5,True
username1,password12,True
username2,,True
username3,,False
username4,pwd4,True
,password5,True
username1,password12,True
username2,,True
username3,,False
username4,pwd4,True
,password5,True
username1,password12,True
username2,,True
username3,,False
username4,pwd4,True
,password5,True
username1,password12,True
username2,,True
username3,,False
username4,pwd4,True
,password5,True
username1,password12,True
username2,,True
username3,,False
username4,pwd4,True
,password5,True
username1,password12,True
username2,,True
username3,,False
username4,pwd4,True
,password5,True
username1,password12,True
username2,,True
username3,,False
username4,pwd4,True
,password5,True
username1,password12,True
username2,,True
username3,,False
username4,pwd4,True
,password5,True
username1,password12,True
username2,,True
username3,,False
username4,pwd4,True
,password5,True
username1,password12,True
username2,,True
username3,,False
username4,pwd4,True
,password5,True
username1,password12,True
username2,,True
username3,,False
username4,pwd4,True
,password5,True
username1,password12,True
username2,,True
username3,,False
username4,pwd4,True
,password5,True
username1,password12,True
username2,,True
username3,,False
username4,pwd4,True
,password5,True
username1,password12,True
username2,,True
username3,,False
username4,pwd4,True
,password5,True
username1,password12,True
username2,,True
username3,,False
username4,pwd4,True
,password5,True
username1,password12,True
username2,,True
username3,,False
username4,pwd4,True
,password5,True
username1,password12,True
username2,,True
username3,,False
username4,pwd4,True
,password5,True
username1,password12,True
username2,,True
username3,,False
username4,pwd4,True
,password5,True
username1,password12,True
username2,,True
username3,,False
username4,pwd4,True
,password5,True
username1,password12,True
username2,,True
username3,,False
username4,pwd4,True
,password5,True
username1,password12,True
username2,,True
username3,,False
username4,pwd4,True
,password5,True
username1,password12,True
username2,,True
username3,,False
username4,pwd4,True
,password5,True
username1,password12,True
username2,,True
username3,,False
username4,pwd4,True
,password5,True
username1,password12,True
username2,,True
username3,,False
username4,pwd4,True
,password5,True
username1,password12,True
username2,,True
username3,,False
username4,pwd4,True
,password5,True
username1,password12,True
username2,,True
username3,,False
username4,pwd4,True
,password5,True
username1,password12,True
username2,,True
username3,,False
username4,pwd4,True
,password5,True
username1,password12,True
username2,,True
username3,,False
username4,pwd4,True
,password5,True
username1,password12,True
username2,,True
username3,,False
username4,pwd4,True
,password5,True
username1,password12,True
username2,,True
username3,,False
username4,pwd4,True
,password5,True
username1,password12,True
username2,,True
username3,,False
username4,pwd4,True
,password5,True
username1,password12,True
username2,,True
username3,,False
username4,pwd4,True
,password5,True
username1,password12,True
username2,,True
username3,,False
username4,pwd4,True
,password5,True
username1,password12,True
username2,,True
username3,,False
username4,pwd4,True
,password5,True
username1,password12,True
username2,,True
username3,,False
username4,pwd4,True
,password5,True
username1,password12,True
username2,,True
username3,,False
username4,pwd4,True
,password5,True
username1,password12,True
username2,,True
username3,,False
username4,pwd4,True
,password5,True
username1,password12,True
username2,,True
username3,,False
username4,pwd4,True
,password5,True
username1,password12,True
username2,,True
username3,,False
username4,pwd4,True
,password5,True
username1,password12,True
username2,,True
username3,,False
username4,pwd4,True
,password5,True
username1,password12,True
username2,,True
username3,,False
username4,pwd4,True
,password5,True
username1,password12,True
username2,,True
username3,,False
username4,pwd4,True
,password5,True
username1,password12,True
username2,,True
username3,,False
username4,pwd4,True
,password5,True
username1,password12,True
username2,,True
username3,,False
username4,pwd4,True
,password5,True
username1,password12,True
username2,,True
username3,,False
username4,pwd4,True
,password5,True
username1,password12,True
username2,,True
username3,,False
username4,pwd4,True
,password5,True
username1,password12,True
username2,,True
username3,,False
username4,pwd4,True
,password5,True
username1,password12,True
username2,,True
username3,,False
username4,pwd4,True
,password5,True
username1,password12,True
username2,,True
username3,,False
username4,pwd4,True
,password5,True
username1,password12,True
username2,,True
username3,,False
username4,pwd4,True
,password5,True
username1,password12,True
username2,,True
username3,,False
username4,pwd4,True
,password5,True
username1,password12,True
username2,,True
username3,,False
username4,pwd4,True
,password5,True
username1,password12,True
username2,,True
username3,,False
username4,pwd4,True
,password5,True
username1,password12,True
username2,,True
username3,,False
username4,pwd4,True
,password5,True
username1,password12,True
username2,,True
username3,,False
username4,pwd4,True
,password5,True
username1,password12,True
username2,,True
username3,,False
username4,pwd4,True
,password5,True
username1,password12,True
username2,,True
username3,,False
username4,pwd4,True
,password5,True
username1,password12,True
username2,,True
username3,,False
username4,pwd4,True
,password5,True
username1,password12,True
username2,,True
username3,,False
username4,pwd4,True
,password5,True
username1,password12,True
username2,,True
username3,,False
username4,pwd4,True
,password5,True
username1,password12,True
username2,,True
username3,,False
username4,pwd4,True
,password5,True
username1,password12,True
username2,,True
username3,,False
username4,pwd4,True
,password5,True
username1,password12,True
username2,,True
username3,,False
username4,pwd4,True
,password5,True
username1,password12,True
username2,,True
username3,,False
username4,pwd4,True
,password5,True
username1,password12,True
username2,,True
username3,,False
username4,pwd4,True
,password5,True
username1,password12,True
username2,,True
username3,,False
username4,pwd4,True
,password5,True
username1,password12,True
username2,,True
username3,,False
username4,pwd4,True
,password5,True
username1,password12,True
username2,,True
username3,,False
username4,pwd4,True
,password5,True
username1,password12,True
username2,,True
username3,,False
username4,pwd4,True
,password5,True
username1,password12,True
username2,,True
username3,,False
username4,pwd4,True
,password5,True
username1,password12,True
username2,,True
username3,,False
username4,pwd4,True
,password5,True
username1,password12,True
username2,,True
username3,,False
username4,pwd4,True
,password5,True
username1,password12,True
username2,,True
username3,,False
username4,pwd4,True
,password5,True
username1,password12,True
username2,,True
username3,,False
username4,pwd4,True
,password5,True
username1,password12,True
username2,,True
username3,,False
username4,pwd4,True
,password5,True
username1,password12,True
username2,,True
username3,,False
username4,pwd4,True
,password5,True
username1,password12,True
username2,,True
username3,,False
username4,pwd4,True
,password5,True
username1,password12,True
username2,,True
username3,,False
username4,pwd4,True
,password5,True
username1,password12,True
username2,,True
username3,,False
username4,pwd4,True
,password5,True
username1,password12,True
username2,,True
username3,,False
username4,pwd4,True
,password5,True
username1,password12,True
username2,,True
username3,,False
username4,pwd4,True
,password5,True
username1,password12,True
username2,,True
username3,,False
username4,pwd4,True
,password5,True
username1,password12,True
username2,,True
username3,,False
username4,pwd4,True
,password5,True
username1,password12,True
username2,,True
username3,,False
username4,pwd4,True
,password5,True
username1,password12,True
username2,,True
username3,,False
username4,pwd4,True
,password5,True
username1,password12,True
username2,,True
username3,,False
username4,pwd4,True
,password5,True
username1,password12,True
username2,,True
username3,,False
username4,pwd4,True
,password5,True
username1,password12,True
username2,,True
username3,,False
username4,pwd4,True
,password5,True
username1,password12,True
username2,,True
username3,,False
username4,pwd4,True
,password5,True
username1,password12,True
username2,,True
username3,,False
username4,pwd4,True
,password5,True
username1,password12,True
username2,,True
username3,,False
username4,pwd4,True
,password5,True
username1,password12,True
username2,,True
username3,,False
username4,pwd4,True
,password5,True
username1,password12,True
username2,,True
username3,,False
username4,pwd4,True
,password5,True
username1,password12,True
username2,,True
username3,,False
username4,pwd4,True
,password5,True
username1,password12,True
username2,,True
username3,,False
username4,pwd4,True
,password5,True
username1,password12,True
username2,,True
username3,,False
username4,pwd4,True
,password5,True
username1,password12,True
username2,,True
username3,,False
username4,pwd4,True
,password5,True
username1,password12,True
username2,,True
username3,,False
username4,pwd4,True
,password5,True
username1,password12,True
username2,,True
username3,,False
username4,pwd4,True
,password5,True
username1,password12,True
username2,,True
username3,,False
username4,pwd4,True
,password5,True
username1,password12,True
username2,,True
username3,,False
username4,pwd4,True
,password5,True
username1,password12,True
username2,,True
username3,,False
username4,pwd4,True
,password5,True
username1,password12,True
username2,,True
username3,,False
username4,pwd4,True
,password5,True
username1,password12,True
username2,,True
username3,,False
username4,pwd4,True
,password5,True
username1,password12,True
username2,,True
username3,,False
username4,pwd4,True
,password5,True
username1,password12,True
username2,,True
username3,,False
username4,pwd4,True
,password5,True
username1,password12,True
username2,,True
username3,,False
username4,pwd4,True
,password5,True
username1,password12,True
username2,,True
username3,,False
username4,pwd4,True
,password5,True
username1,password12,True
username2,,True
username3,,False
username4,pwd4,True
,password5,True
username1,password12,True
username2,,True
username3,,False
username4,pwd4,True
,password5,True
username1,password12,True
username2,,True
username3,,False
username4,pwd4,True
,password5,True
username1,password12,True
username2,,True
username3,,False
username4,pwd4,True
,password5,True
username1,password12,True
username2,,True
username3,,False
username4,pwd4,True
,password5,True
username1,password12,True
username2,,True
username3,,False
username4,pwd4,True
,password5,True
username1,password12,True
username2,,True
username3,,False
username4,pwd4,True
,password5,True
username1,password12,True
username2,,True
username3,,False
username4,pwd4,True
,password5,True
username1,password12,True
username2,,True
username3,,False
username4,pwd4,True
,password5,True
username1,password12,True
username2,,True
username3,,False
username4,pwd4,True
,password5,True
username1,password12,True
username2,,True
username3,,False
username4,pwd4,True
,password5,True
username1,password12,True
username2,,True
username3,,False
username4,pwd4,True
,password5,True
username1,password12,True
username2,,True
username3,,False
username4,pwd4,True
,password5,True
username1,password12,True
username2,,True
username3,,False
username4,pwd4,True
,password5,True
username1,password12,True
username2,,True
username3,,False
username4,pwd4,True
,password5,True
username1,password12,True
username2,,True
username3,,False
username4,pwd4,True
,password5,True
username1,password12,True
username2,,True
username3,,False
username4,pwd4,True
,password5,True
username1,password12,True
username2,,True
username3,,False
username4,pwd4,True
,password5,True
username1,password12,True
username2,,True
username3,,False
username4,pwd4,True
,password5,True
username1,password12,True
username2,,True
username3,,False
username4,pwd4,True
,password5,True
username1,password12,True
username2,,True
username3,,False
username4,pwd4,True
,password5,True
username1,password12,True
username2,,True
username3,,False
username4,pwd4,True
,password5,True
username1,password12,True
username2,,True
username3,,False
username4,pwd4,True
,password5,True
username1,password12,True
username2,,True
username3,,False
username4,pwd4,True
,password5,True
username1,password12,True
username2,,True
username3,,False
username4,pwd4,True
,password5,True
username1,password12,True
username2,,True
username3,,False
username4,pwd4,True
,password5,True
username1,password12,True
username2,,True
username3,,False
username4,pwd4,True
,password5,True
username1,password12,True
username2,,True
username3,,False
username4,pwd4,True
,password5,True
username1,password12,True
username2,,True
username3,,False
username4,pwd4,True
,password5,True
username1,password12,True
username2,,True
username3,,False
username4,pwd4,True
,password5,True
username1,password12,True
username2,,True
username3,,False
username4,pwd4,True
,password5,True
username1,password12,True
username2,,True
username3,,False
username4,pwd4,True
,password5,True
username1,password12,True
username2,,True
username3,,False
username4,pwd4,True
,password5,True
username1,password12,True
username2,,True
username3,,False
username4,pwd4,True
,password5,True
username1,password12,True
username2,,True
username3,,False
username4,pwd4,True
,password5,True
username1,password12,True
username2,,True
username3,,False
username4,pwd4,True
,password5,True
username1,password12,True
username2,,True
username3,,False
username4,pwd4,True
,password5,True
username1,password12,True
username2,,True
username3,,False
username4,pwd4,True
,password5,True
username1,password12,True
username2,,True
username3,,False
username4,pwd4,True
,password5,True
username1,password12,True
username2,,True
username3,,False
username4,pwd4,True
,password5,True
username1,password12,True
username2,,True
username3,,False
username4,pwd4,True
,password5,True
username1,password12,True
username2,,True
username3,,False
username4,pwd4,True
,password5,True
username1,password12,True
username2,,True
username3,,False
username4,pwd4,True
,password5,True
username1,password12,True
username2,,True
username3,,False
username4,pwd4,True
,password5,True
username1,password12,True
username2,,True
username3,,False
username4,pwd4,True
,password5,True
username1,password12,True
username2,,True
username3,,False
username4,pwd4,True
,password5,True
username1,password12,True
username2,,True
username3,,False
username4,pwd4,True
,password5,True
username1,password12,True
username2,,True
username3,,False
username4,pwd4,True
,password5,True
username1,password12,True
username2,,True
username3,,False
username4,pwd4,True
,password5,True
username1,password12,True
username2,,True
username3,,False
username4,pwd4,True
,password5,True
username1,password12,True
username2,,True
username3,,False
username4,pwd4,True
,password5,True
username1,password12,True
username2,,True
username3,,False
username4,pwd4,True
,password5,True
username1,password12,True
username2,,True
username3,,False
username4,pwd4,True
,password5,True
username1,password12,True
username2,,True
username3,,False
username4,pwd4,True
,password5,True
username1,password12,True
username2,,True
username3,,False
username4,pwd4,True
,password5,True
username1,password12,True
username2,,True
username3,,False
username4,pwd4,True
,password5,True
username1,password12,True
username2,,True
username3,,False
username4,pwd4,True
,password5,True
username1,password12,True
username2,,True
username3,,False
username4,pwd4,True
,password5,True
username1,password12,True
username2,,True
username3,,False
username4,pwd4,True
,password5,True
username1,password12,True
username2,,True
username3,,False
username4,pwd4,True
,password5,True
username1,password12,True
username2,,True
username3,,False
username4,pwd4,True
,password5,True
username1,password12,True
username2,,True
username3,,False
username4,pwd4,True
,password5,True
username1,password12,True
username2,,True
username3,,False
username4,pwd4,True
,password5,True
username1,password12,True
username2,,True
username3,,False
username4,pwd4,True
,password5,True
username1,password12,True
username2,,True
username3,,False
username4,pwd4,True
,password5,True
username1,password12,True
username2,,True
username3,,False
username4,pwd4,True
,password5,True
username1,password12,True
username2,,True
username3,,False
username4,pwd4,True
,password5,True
username1,password12,True
username2,,True
username3,,False
username4,pwd4,True
,password5,True
username1,password12,True
username2,,True
username3,,False
username4,pwd4,True
,password5,True
username1,password12,True
username2,,True
username3,,False
username4,pwd4,True
,password5,True
username1,password12,True
username2,,True
username3,,False
username4,pwd4,True
,password5,True
username1,password12,True
username2,,True
username3,,False
username4,pwd4,True
,password5,True
username1,password12,True
username2,,True
username3,,False
username4,pwd4,True
,password5,True
username1,password12,True
username2,,True
username3,,False
username4,pwd4,True
,password5,True
username1,password12,True
username2,,True
username3,,False
username4,pwd4,True
,password5,True
username1,password12,True
username2,,True
username3,,False
username4,pwd4,True
,password5,True
username1,password12,True
username2,,True
username3,,False
username4,pwd4,True
,password5,True
username1,password12,True
username2,,True
username3,,False
username4,pwd4,True
,password5,True
username1,password12,True
username2,,True
username3,,False
username4,pwd4,True
,password5,True
username1,password12,True
username2,,True
username3,,False
username4,pwd4,True
,password5,True
username1,password12,True
username2,,True
username3,,False
username4,pwd4,True
,password5,True
username1,password12,True
username2,,True
username3,,False
username4,pwd4,True
,password5,True
username1,password12,True
username2,,True
username3,,False
username4,pwd4,True
,password5,True
username1,password12,True
username2,,True
username3,,False
username4,pwd4,True
,password5,True
username1,password12,True
username2,,True
username3,,False
username4,pwd4,True
,password5,True
username1,password12,True
username2,,True
username3,,False
username4,pwd4,True
,password5,True
username1,password12,True
username2,,True
username3,,False
username4,pwd4,True
,password5,True
username1,password12,True
username2,,True
username3,,False
username4,pwd4,True
,password5,True
username1,password12,True
username2,,True
username3,,False
username4,pwd4,True
,password5,True
username1,password12,True
username2,,True
username3,,False
username4,pwd4,True
,password5,True
username1,password12,True
username2,,True
username3,,False
username4,pwd4,True
,password5,True
username1,password12,True
username2,,True
username3,,False
username4,pwd4,True
,password5,True
username1,password12,True
username2,,True
username3,,False
username4,pwd4,True
,password5,True
username1,password12,True
username2,,True
username3,,False
username4,pwd4,True
,password5,True
username1,password12,True
username2,,True
username3,,False
username4,pwd4,True
,password5,True
username1,password12,True
username2,,True
username3,,False
username4,pwd4,True
,password5,True
username1,password12,True
username2,,True
username3,,False
username4,pwd4,True
,password5,True
username1,password12,True
username2,,True
username3,,False
username4,pwd4,True
,password5,True
username1,password12,True
username2,,True
username3,,False
username4,pwd4,True
,password5,True
username1,password12,True
username2,,True
username3,,False
username4,pwd4,True
,password5,True
username1,password12,True
username2,,True
username3,,False
username4,pwd4,True
,password5,True
username1,password12,True
username2,,True
username3,,False
username4,pwd4,True
,password5,True
username1,password12,True
username2,,True
username3,,False
username4,pwd4,True
,password5,True
username1,password12,True
username2,,True
username3,,False
username4,pwd4,True
,password5,True
username1,password12,True
username2,,True
username3,,False
username4,pwd4,True
,password5,True
username1,password12,True
username2,,True
username3,,False
username4,pwd4,True
,password5,True
username1,password12,True
username2,,True
username3,,False
username4,pwd4,True
,password5,True
username1,password12,True
username2,,True
username3,,False
username4,pwd4,True
,password5,True
username1,password12,True
username2,,True
username3,,False
username4,pwd4,True
,password5,True
username1,password12,True
username2,,True
username3,,False
username4,pwd4,True
,password5,True
username1,password12,True
username2,,True
username3,,False
username4,pwd4,True
,password5,True
username1,password12,True
username2,,True
username3,,False
username4,pwd4,True
,password5,True
username1,password12,True
username2,,True
username3,,False
username4,pwd4,True
,password5,True
username1,password12,True
username2,,True
username3,,False
username4,pwd4,True
,password5,True
username1,password12,True
username2,,True
username3,,False
username4,pwd4,True
,password5,True
username1,password12,True
username2,,True
username3,,False
username4,pwd4,True
,password5,True
username1,password12,True
username2,,True
username3,,False
username4,pwd4,True
,password5,True
username1,password12,True
username2,,True
username3,,False
username4,pwd4,True
,password5,True
username1,password12,True
username2,,True
username3,,False
username4,pwd4,True
,password5,True
username1,password12,True
username2,,True
username3,,False
username4,pwd4,True
,password5,True
username1,password12,True
username2,,True
username3,,False
username4,pwd4,True
,password5,True
username1,password12,True
username2,,True
username3,,False
username4,pwd4,True
,password5,True
username1,password12,True
username2,,True
username3,,False
username4,pwd4,True
,password5,True
username1,password12,True
username2,,True
username3,,False
username4,pwd4,True
,password5,True
username1,password12,True
username2,,True
username3,,False
username4,pwd4,True
,password5,True
username1,password12,True
username2,,True
username3,,False
username4,pwd4,True
,password5,True
username1,password12,True
username2,,True
username3,,False
username4,pwd4,True
,password5,True
username1,password12,True
username2,,True
username3,,False
username4,pwd4,True
,password5,True
username1,password12,True
username2,,True
username3,,False
username4,pwd4,True
,password5,True
username1,password12,True
username2,,True
username3,,False
username4,pwd4,True
,password5,True
username1,password12,True
username2,,True
username3,,False
username4,pwd4,True
,password5,True
username1,password12,True
username2,,True
username3,,False
username4,pwd4,True
,password5,True
username1,password12,True
username2,,True
username3,,False
username4,pwd4,True
,password5,True
username1,password12,True
username2,,True
username3,,False
username4,pwd4,True
,password5,True
username1,password12,True
username2,,True
username3,,False
username4,pwd4,True
,password5,True
username1,password12,True
username2,,True
username3,,False
username4,pwd4,True
,password5,True
username1,password12,True
username2,,True
username3,,False
username4,pwd4,True
,password5,True
username1,password12,True
username2,,True
username3,,False
username4,pwd4,True
,password5,True
username1,password12,True
username2,,True
username3,,False
username4,pwd4,True
,password5,True
username1,password12,True
username2,,True
username3,,False
username4,pwd4,True
,password5,True
username1,password12,True
username2,,True
username3,,False
username4,pwd4,True
,password5,True
username1,password12,True
username2,,True
username3,,False
username4,pwd4,True
,password5,True
username1,password12,True
username2,,True
username3,,False
username4,pwd4,True
,password5,True
username1,password12,True
username2,,True
username3,,False
username4,pwd4,True
,password5,True
username1,password12,True
username2,,True
username3,,False
username4,pwd4,True
,password5,True
username1,password12,True
username2,,True
username3,,False
username4,pwd4,True
,password5,True
username1,password12,True
username2,,True
username3,,False
username4,pwd4,True
,password5,True
username1,password12,True
username2,,True
username3,,False
username4,pwd4,True
,password5,True
username1,password12,True
username2,,True
username3,,False
username4,pwd4,True
,password5,True
username1,password12,True
username2,,True
username3,,False
username4,pwd4,True
,password5,True
username1,password12,True
username2,,True
username3,,False
username4,pwd4,True
,password5,True
username1,password12,True
username2,,True
username3,,False
username4,pwd4,True
,password5,True
username1,password12,True
username2,,True
username3,,False
username4,pwd4,True
,password5,True
username1,password12,True
username2,,True
username3,,False
username4,pwd4,True
,password5,True
username1,password12,True
username2,,True
username3,,False
username4,pwd4,True
,password5,True
username1,password12,True
username2,,True
username3,,False
username4,pwd4,True
,password5,True
username1,password12,True
username2,,True
username3,,False
username4,pwd4,True
,password5,True
username1,password12,True
username2,,True
username3,,False
username4,pwd4,True
,password5,True
username1,password12,True
username2,,True
username3,,False
username4,pwd4,True
,password5,True
username1,password12,True
username2,,True
username3,,False
username4,pwd4,True
,password5,True
username1,password12,True
username2,,True
username3,,False
username4,pwd4,True
,password5,True
username1,password12,True
username2,,True
username3,,False
username4,pwd4,True
,password5,True
username1,password12,True
username2,,True
username3,,False
username4,pwd4,True
,password5,True
username1,password12,True
username2,,True
username3,,False
username4,pwd4,True
,password5,True
username1,password12,True
username2,,True
username3,,False
username4,pwd4,True
,password5,True
username1,password12,True
username2,,True
username3,,False
username4,pwd4,True
,password5,True
username1,password12,True
username2,,True
username3,,False
username4,pwd4,True
,password5,True
username1,password12,True
username2,,True
username3,,False
username4,pwd4,True
,password5,True
username1,password12,True
username2,,True
username3,,False
username4,pwd4,True
,password5,True
username1,password12,True
username2,,True
username3,,False
username4,pwd4,True
,password5,True
username1,password12,True
username2,,True
username3,,False
username4,pwd4,True
,password5,True
username1,password12,True
username2,,True
username3,,False
username4,pwd4,True
,password5,True
username1,password12,True
username2,,True
username3,,False
username4,pwd4,True
,password5,True
username1,password12,True
username2,,True
username3,,False
username4,pwd4,True
,password5,True
username1,password12,True
username2,,True
username3,,False
username4,pwd4,True
,password5,True
username1,password12,True
username2,,True
username3,,False
username4,pwd4,True
,password5,True
username1,password12,True
username2,,True
username3,,False
username4,pwd4,True
,password5,True
username1,password12,True
username2,,True
username3,,False
username4,pwd4,True
,password5,True
username1,password12,True
username2,,True
username3,,False
username4,pwd4,True
,password5,True
username1,password12,True
username2,,True
username3,,False
username4,pwd4,True
,password5,True
username1,password12,True
username2,,True
username3,,False
username4,pwd4,True
,password5,True
username1,password12,True
username2,,True
username3,,False
username4,pwd4,True
,password5,True
username1,password12,True
username2,,True
username3,,False
username4,pwd4,True
,password5,True
username1,password12,True
username2,,True
username3,,False
username4,pwd4,True
,password5,True
username1,password12,True
username2,,True
username3,,False
username4,pwd4,True
,password5,True
username1,password12,True
username2,,True
username3,,False
username4,pwd4,True
,password5,True
username1,password12,True
username2,,True
username3,,False
username4,pwd4,True
,password5,True
username1,password12,True
username2,,True
username3,,False
username4,pwd4,True
,password5,True
username1,password12,True
username2,,True
username3,,False
username4,pwd4,True
,password5,True
username1,password12,True
username2,,True
username3,,False
username4,pwd4,True
,password5,True
username1,password12,True
username2,,True
username3,,False
username4,pwd4,True
,password5,True
username1,password12,True
username2,,True
username3,,False
username4,pwd4,True
,password5,True
username1,password12,True
username2,,True
username3,,False
username4,pwd4,True
,password5,True
username1,password12,True
username2,,True
username3,,False
username4,pwd4,True
,password5,True
username1,password12,True
username2,,True
username3,,False
username4,pwd4,True
,password5,True
username1,password12,True
username2,,True
username3,,False
username4,pwd4,True
,password5,True
username1,password12,True
username2,,True
username3,,False
username4,pwd4,True
,password5,True
username1,password12,True
username2,,True
username3,,False
username4,pwd4,True
,password5,True
username1,password12,True
username2,,True
username3,,False
username4,pwd4,True
,password5,True
username1,password12,True
username2,,True
username3,,False
username4,pwd4,True
,password5,True
username1,password12,True
username2,,True
username3,,False
username4,pwd4,True
,password5,True
username1,password12,True
username2,,True
username3,,False
username4,pwd4,True
,password5,True
username1,password12,True
username2,,True
username3,,False
username4,pwd4,True
,password5,True
username1,password12,True
username2,,True
username3,,False
username4,pwd4,True
,password5,True
username1,password12,True
username2,,True
username3,,False
username4,pwd4,True
,password5,True
username1,password12,True
username2,,True
username3,,False
username4,pwd4,True
,password5,True
username1,password12,True
username2,,True
username3,,False
username4,pwd4,True
,password5,True
username1,password12,True
username2,,True
username3,,False
username4,pwd4,True
,password5,True
username1,password12,True
username2,,True
username3,,False
username4,pwd4,True
,password5,True
username1,password12,True
username2,,True
username3,,False
username4,pwd4,True
,password5,True
username1,password12,True
username2,,True
username3,,False
username4,pwd4,True
,password5,True
username1,password12,True
username2,,True
username3,,False
username4,pwd4,True
,password5,True
username1,password12,True
username2,,True
username3,,False
username4,pwd4,True
,password5,True
username1,password12,True
username2,,True
username3,,False
username4,pwd4,True
,password5,True
username1,password12,True
username2,,True
username3,,False
username4,pwd4,True
,password5,True
username1,password12,True
username2,,True
username3,,False
username4,pwd4,True
,password5,True
username1,password12,True
username2,,True
username3,,False
username4,pwd4,True
,password5,True
username1,password12,True
username2,,True
username3,,False
username4,pwd4,True
,password5,True
username1,password12,True
username2,,True
username3,,False
username4,pwd4,True
,password5,True
username1,password12,True
username2,,True
username3,,False
username4,pwd4,True
,password5,True
username1,password12,True
username2,,True
username3,,False
username4,pwd4,True
,password5,True
username1,password12,True
username2,,True
username3,,False
username4,pwd4,True
,password5,True
username1,password12,True
username2,,True
username3,,False
username4,pwd4,True
,password5,True
username1,password12,True
username2,,True
username3,,False
username4,pwd4,True
,password5,True
username1,password12,True
username2,,True
username3,,False
username4,pwd4,True
,password5,True
username1,password12,True
username2,,True
username3,,False
username4,pwd4,True
,password5,True
username1,password12,True
username2,,True
username3,,False
username4,pwd4,True
,password5,True
username1,password12,True
username2,,True
username3,,False
username4,pwd4,True
,password5,True
username1,password12,True
username2,,True
username3,,False
username4,pwd4,True
,password5,True
username1,password12,True
username2,,True
username3,,False
username4,pwd4,True
,password5,True
username1,password12,True
username2,,True
username3,,False
username4,pwd4,True
,password5,True
username1,password12,True
username2,,True
username3,,False
username4,pwd4,True
,password5,True
username1,password12,True
username2,,True
username3,,False
username4,pwd4,True
,password5,True
username1,password12,True
username2,,True
username3,,False
username4,pwd4,True
,password5,True
username1,password12,True
username2,,True
username3,,False
username4,pwd4,True
,password5,True
username1,password12,True
username2,,True
username3,,False
username4,pwd4,True
,password5,True
username1,password12,True
username2,,True
username3,,False
username4,pwd4,True
,password5,True
username1,password12,True
username2,,True
username3,,False
username4,pwd4,True
,password5,True
username1,password12,True
username2,,True
username3,,False
username4,pwd4,True
,password5,True
username1,password12,True
username2,,True
username3,,False
username4,pwd4,True
,password5,True
username1,password12,True
username2,,True
username3,,False
username4,pwd4,True
,password5,True
username1,password12,True
username2,,True
username3,,False
username4,pwd4,True
,password5,True
username1,password12,True
username2,,True
username3,,False
username4,pwd4,True
,password5,True
username1,password12,True
username2,,True
username3,,False
username4,pwd4,True
,password5,True
username1,password12,True
username2,,True
username3,,False
username4,pwd4,True
,password5,True
username1,password12,True
username2,,True
username3,,False
username4,pwd4,True
,password5,True
username1,password12,True
username2,,True
username3,,False
username4,pwd4,True
,password5,True
username1,password12,True
username2,,True
username3,,False
username4,pwd4,True
,password5,True
username1,password12,True
username2,,True
username3,,False
username4,pwd4,True
,password5,True
username1,password12,True
username2,,True
username3,,False
username4,pwd4,True
,password5,True
username1,password12,True
username2,,True
username3,,False
username4,pwd4,True
,password5,True
username1,password12,True
username2,,True
username3,,False
username4,pwd4,True
,password5,True
username1,password12,True
username2,,True
username3,,False
username4,pwd4,True
,password5,True
username1,password12,True
username2,,True
username3,,False
username4,pwd4,True
,password5,True
username1,password12,True
username2,,True
username3,,False
username4,pwd4,True
,password5,True
username1,password12,True
username2,,True
username3,,False
username4,pwd4,True
,password5,True
username1,password12,True
username2,,True
username3,,False
username4,pwd4,True
,password5,True
username1,password12,True
username2,,True
username3,,False
username4,pwd4,True
,password5,True
username1,password12,True
username2,,True
username3,,False
username4,pwd4,True
,password5,True
username1,password12,True
username2,,True
username3,,False
username4,pwd4,True
,password5,True
username1,password12,True
username2,,True
username3,,False
username4,pwd4,True
,password5,True
username1,password12,True
username2,,True
username3,,False
username4,pwd4,True
,password5,True
username1,password12,True
username2,,True
username3,,False
username4,pwd4,True
,password5,True
username1,password12,True
username2,,True
username3,,False
username4,pwd4,True
,password5,True
username1,password12,True
username2,,True
username3,,False
username4,pwd4,True
,password5,True
username1,password12,True
username2,,True
username3,,False
username4,pwd4,True
,password5,True
username1,password12,True
username2,,True
username3,,False
username4,pwd4,True
,password5,True
username1,password12,True
username2,,True
username3,,False
username4,pwd4,True
,password5,True
username1,password12,True
username2,,True
username3,,False
username4,pwd4,True
,password5,True
username1,password12,True
username2,,True
username3,,False
username4,pwd4,True
,password5,True
username1,password12,True
username2,,True
username3,,False
username4,pwd4,True
,password5,True
username1,password12,True
username2,,True
username3,,False
username4,pwd4,True
,password5,True
username1,password12,True
username2,,True
username3,,False
username4,pwd4,True
,password5,True
username1,password12,True
username2,,True
username3,,False
username4,pwd4,True
,password5,True
username1,password12,True
username2,,True
username3,,False
username4,pwd4,True
,password5,True
username1,password12,True
username2,,True
username3,,False
username4,pwd4,True
,password5,True
username1,password12,True
username2,,True
username3,,False
username4,pwd4,True
,password5,True
username1,password12,True
username2,,True
username3,,False
username4,pwd4,True
,password5,True
username1,password12,True
username2,,True
username3,,False
username4,pwd4,True
,password5,True
username1,password12,True
username2,,True
username3,,False
username4,pwd4,True
,password5,True
username1,password12,True
username2,,True
username3,,False
username4,pwd4,True
,password5,True
username1,password12,True
username2,,True
username3,,False
username4,pwd4,True
,password5,True
username1,password12,True
username2,,True
username3,,False
username4,pwd4,True
,password5,True
username1,password12,True
username2,,True
username3,,False
username4,pwd4,True
,password5,True
username1,password12,True
username2,,True
username3,,False
username4,pwd4,True
,password5,True
username1,password12,True
username2,,True
username3,,False
username4,pwd4,True
,password5,True
username1,password12,True
username2,,True
username3,,False
username4,pwd4,True
,password5,True
username1,password12,True
username2,,True
username3,,False
username4,pwd4,True
,password5,True
username1,password12,True
username2,,True
username3,,False
username4,pwd4,True
,password5,True
username1,password12,True
username2,,True
username3,,False
username4,pwd4,True
,password5,True
username1,password12,True
username2,,True
username3,,False
username4,pwd4,True
,password5,True
username1,password12,True
username2,,True
username3,,False
username4,pwd4,True
,password5,True
username1,password12,True
username2,,True
username3,,False
username4,pwd4,True
,password5,True
username1,password12,True
username2,,True
username3,,False
username4,pwd4,True
,password5,True
username1,password12,True
username2,,True
username3,,False
username4,pwd4,True
,password5,True
username1,password12,True
username2,,True
username3,,False
username4,pwd4,True
,password5,True
username1,password12,True
username2,,True
username3,,False
username4,pwd4,True
,password5,True
username1,password12,True
username2,,True
username3,,False
username4,pwd4,True
,password5,True
username1,password12,True
username2,,True
username3,,False
username4,pwd4,True
,password5,True
username1,password12,True
username2,,True
username3,,False
username4,pwd4,True
,password5,True
username1,password12,True
username2,,True
username3,,False
username4,pwd4,True
,password5,True
username1,password12,True
username2,,True
username3,,False
username4,pwd4,True
,password5,True
username1,password12,True
username2,,True
username3,,False
username4,pwd4,True
,password5,True
username1,password12,True
username2,,True
username3,,False
username4,pwd4,True
,password5,True
username1,password12,True
username2,,True
username3,,False
username4,pwd4,True
,password5,True
username1,password12,True
username2,,True
username3,,False
username4,pwd4,True
,password5,True
username1,password12,True
username2,,True
username3,,False
username4,pwd4,True
,password5,True
username1,password12,True
username2,,True
username3,,False
username4,pwd4,True
,password5,True
username1,password12,True
username2,,True
username3,,False
username4,pwd4,True
,password5,True
username1,password12,True
username2,,True
username3,,False
username4,pwd4,True
,password5,True
username1,password12,True
username2,,True
username3,,False
username4,pwd4,True
,password5,True
username1,password12,True
username2,,True
username3,,False
username4,pwd4,True
,password5,True
username1,password12,True
username2,,True
username3,,False
username4,pwd4,True
,password5,True
username1,password12,True
username2,,True
username3,,False
username4,pwd4,True
,password5,True
username1,password12,True
username2,,True
username3,,False
username4,pwd4,True
,password5,True
username1,password12,True
username2,,True
username3,,False
username4,pwd4,True
,password5,True
username1,password12,True
username2,,True
username3,,False
username4,pwd4,True
,password5,True
username1,password12,True
username2,,True
username3,,False
username4,pwd4,True
,password5,True
username1,password12,True
username2,,True
username3,,False
username4,pwd4,True
,password5,True
username1,password12,True
username2,,True
username3,,False
username4,pwd4,True
,password5,True
username1,password12,True
username2,,True
username3,,False
username4,pwd4,True
,password5,True
username1,password12,True
username2,,True
username3,,False
username4,pwd4,True
,password5,True
username1,password12,True
username2,,True
username3,,False
username4,pwd4,True
,password5,True
username1,password12,True
username2,,True
username3,,False
username4,pwd4,True
,password5,True
username1,password12,True
username2,,True
username3,,False
username4,pwd4,True
,password5,True
username1,password12,True
username2,,True
username3,,False
username4,pwd4,True
,password5,True
username1,password12,True
username2,,True
username3,,False
username4,pwd4,True
,password5,True
username1,password12,True
username2,,True
username3,,False
username4,pwd4,True
,password5,True
username1,password12,True
username2,,True
username3,,False
username4,pwd4,True
,password5,True
username1,password12,True
username2,,True
username3,,False
username4,pwd4,True
,password5,True
username1,password12,True
username2,,True
username3,,False
username4,pwd4,True
,password5,True
username1,password12,True
username2,,True
username3,,False
username4,pwd4,True
,password5,True
username1,password12,True
username2,,True
username3,,False
username4,pwd4,True
,password5,True
username1,password12,True
username2,,True
username3,,False
username4,pwd4,True
,password5,True
username1,password12,True
username2,,True
username3,,False
username4,pwd4,True
,password5,True
username1,password12,True
username2,,True
username3,,False
username4,pwd4,True
,password5,True
username1,password12,True
username2,,True
username3,,False
username4,pwd4,True
,password5,True
username1,password12,True
username2,,True
username3,,False
username4,pwd4,True
,password5,True
username1,password12,True
username2,,True
username3,,False
username4,pwd4,True
,password5,True
username1,password12,True
username2,,True
username3,,False
username4,pwd4,True
,password5,True
username1,password12,True
username2,,True
username3,,False
username4,pwd4,True
,password5,True
username1,password12,True
username2,,True
username3,,False
username4,pwd4,True
,password5,True
username1,password12,True
username2,,True
username3,,False
username4,pwd4,True
,password5,True
username1,password12,True
username2,,True
username3,,False
username4,pwd4,True
,password5,True
username1,password12,True
username2,,True
username3,,False
username4,pwd4,True
,password5,True
username1,password12,True
username2,,True
username3,,False
username4,pwd4,True
,password5,True
username1,password12,True
username2,,True
username3,,False
username4,pwd4,True
,password5,True
username1,password12,True
username2,,True
username3,,False
username4,pwd4,True
,password5,True
username1,password12,True
username2,,True
username3,,False
username4,pwd4,True
,password5,True
username1,password12,True
username2,,True
username3,,False
username4,pwd4,True
,password5,True
username1,password12,True
username2,,True
username3,,False
username4,pwd4,True
,password5,True
username1,password12,True
username2,,True
username3,,False
username4,pwd4,True
,password5,True
username1,password12,True
username2,,True
username3,,False
username4,pwd4,True
,password5,True
username1,password12,True
username2,,True
username3,,False
username4,pwd4,True
,password5,True
username1,password12,True
username2,,True
username3,,False
username4,pwd4,True
,password5,True
username1,password12,True
username2,,True
username3,,False
username4,pwd4,True
,password5,True
username1,password12,True
username2,,True
username3,,False
username4,pwd4,True
,password5,True
username1,password12,True
username2,,True
username3,,False
username4,pwd4,True
,password5,True
username1,password12,True
username2,,True
username3,,False
username4,pwd4,True
,password5,True
username1,password12,True
username2,,True
username3,,False
username4,pwd4,True
,password5,True
username1,password12,True
username2,,True
username3,,False
username4,pwd4,True
,password5,True
username1,password12,True
username2,,True
username3,,False
username4,pwd4,True
,password5,True
username1,password12,True
username2,,True
username3,,False
username4,pwd4,True
,password5,True
username1,password12,True
username2,,True
username3,,False
username4,pwd4,True
,password5,True
username1,password12,True
username2,,True
username3,,False
username4,pwd4,True
,password5,True
username1,password12,True
username2,,True
username3,,False
username4,pwd4,True
,password5,True
username1,password12,True
username2,,True
username3,,False
username4,pwd4,True
,password5,True
username1,password12,True
username2,,True
username3,,False
username4,pwd4,True
,password5,True
username1,password12,True
username2,,True
username3,,False
username4,pwd4,True
,password5,True
username1,password12,True
username2,,True
username3,,False
username4,pwd4,True
,password5,True
username1,password12,True
username2,,True
username3,,False
username4,pwd4,True
,password5,True
username1,password12,True
username2,,True
username3,,False
username4,pwd4,True
,password5,True
username1,password12,True
username2,,True
username3,,False
username4,pwd4,True
,password5,True
username1,password12,True
username2,,True
username3,,False
username4,pwd4,True
,password5,True
username1,password12,True
username2,,True
username3,,False
username4,pwd4,True
,password5,True
username1,password12,True
username2,,True
username3,,False
username4,pwd4,True
,password5,True
username1,password12,True
username2,,True
username3,,False
username4,pwd4,True
,password5,True
username1,password12,True
username2,,True
username3,,False
username4,pwd4,True
,password5,True
username1,password12,True
username2,,True
username3,,False
username4,pwd4,True
,password5,True
username1,password12,True
username2,,True
username3,,False
username4,pwd4,True
,password5,True
username1,password12,True
username2,,True
username3,,False
username4,pwd4,True
,password5,True
username1,password12,True
username2,,True
username3,,False
username4,pwd4,True
,password5,True
username1,password12,True
username2,,True
username3,,False
username4,pwd4,True
,password5,True
username1,password12,True
username2,,True
username3,,False
username4,pwd4,True
,password5,True
username1,password12,True
username2,,True
username3,,False
username4,pwd4,True
,password5,True
username1,password12,True
username2,,True
username3,,False
username4,pwd4,True
,password5,True
username1,password12,True
username2,,True
username3,,False
username4,pwd4,True
,password5,True
username1,password12,True
username2,,True
username3,,False
username4,pwd4,True
,password5,True
username1,password12,True
username2,,True
username3,,False
username4,pwd4,True
,password5,True
username1,password12,True
username2,,True
username3,,False
username4,pwd4,True
,password5,True
username1,password12,True
username2,,True
username3,,False
username4,pwd4,True
,password5,True
username1,password12,True
username2,,True
username3,,False
username4,pwd4,True
,password5,True
username1,password12,True
username1,password12,True
username1,password12,True
username1,password12,True
username1,password12,True
username2,,True
username3,,False
username4,pwd4,True
,password5,True
username1,password12,True
username2,,True
username3,,False
username4,pwd4,True
,password5,True
username1,password12,True
username2,,True
username3,,False
username4,pwd4,True
,password5,True
username1,password12,True
username2,,True
username3,,False
username4,pwd4,True
,password5,True
username1,password12,True
username2,,True
username3,,False
username4,pwd4,True
,password5,True
username1,password12,True
username2,,True
username3,,False
username4,pwd4,True
,password5,True
username1,password12,True
username2,,True
username3,,False
username4,pwd4,True
,password5,True
username1,password12,True
username2,,True
username3,,False
username4,pwd4,True
,password5,True
username1,password12,True
username2,,True
username3,,False
username4,pwd4,True
,password5,True
username1,password12,True
username2,,True
username3,,False
username4,pwd4,True
,password5,True
username1,password12,True
username2,,True
username3,,False
username4,pwd4,True
,password5,True
username1,password12,True
username2,,True
username3,,False
username4,pwd4,True
,password5,True
username1,password12,True
username2,,True
username3,,False
username4,pwd4,True
,password5,True
username1,password12,True
username2,,True
username3,,False
username4,pwd4,True
,password5,True
username1,password12,True
username2,,True
username3,,False
username4,pwd4,True
,password5,True
username1,password12,True
username2,,True
username3,,False
username4,pwd4,True
,password5,True
username1,password12,True
username2,,True
username3,,False
username4,pwd4,True
,password5,True
username1,password12,True
username2,,True
username3,,False
username4,pwd4,True
,password5,True
username1,password12,True
username2,,True
username3,,False
username4,pwd4,True
,password5,True
username1,password12,True
username2,,True
username3,,False
username4,pwd4,True
,password5,True
username1,password12,True
username2,,True
username3,,False
username4,pwd4,True
,password5,True
username1,password12,True
username2,,True
username3,,False
username4,pwd4,True
,password5,True
username1,password12,True
username2,,True
username3,,False
username4,pwd4,True
,password5,True
username1,password12,True
username2,,True
username3,,False
username4,pwd4,True
,password5,True
username1,password12,True
username2,,True
username3,,False
username4,pwd4,True
,password5,True
username1,password12,True
username2,,True
username3,,False
username4,pwd4,True
,password5,True
username1,password12,True
username2,,True
username3,,False
username4,pwd4,True
,password5,True
username1,password12,True
username2,,True
username3,,False
username4,pwd4,True
,password5,True
username1,password12,True
username2,,True
username3,,False
username4,pwd4,True
,password5,True
username1,password12,True
username2,,True
username3,,False
username4,pwd4,True
,password5,True
username1,password12,True
username2,,True
username3,,False
username4,pwd4,True
,password5,True
username1,password12,True
username2,,True
username3,,False
username4,pwd4,True
,password5,True
username1,password12,True
username2,,True
username3,,False
username4,pwd4,True
,password5,True
username1,password12,True
username2,,True
username3,,False
username4,pwd4,True
,password5,True
username1,password12,True
username2,,True
username3,,False
username4,pwd4,True
,password5,True
username1,password12,True
username2,,True
username3,,False
username4,pwd4,True
,password5,True
username1,password12,True
username2,,True
username3,,False
username4,pwd4,True
,password5,True
username1,password12,True
username2,,True
username3,,False
username4,pwd4,True
,password5,True
username1,password12,True
username2,,True
username3,,False
username4,pwd4,True
,password5,True
username1,password12,True
username2,,True
username3,,False
username4,pwd4,True
,password5,True
username1,password12,True
username1,password12,True
username2,,True
username3,,False
username4,pwd4,True
,password5,True
username1,password12,True
username2,,True
username3,,False
username4,pwd4,True
,password5,True
username1,password12,True
username2,,True
username3,,False
username4,pwd4,True
,password5,True
username1,password12,True
username2,,True
username3,,False
username4,pwd4,True
,password5,True
username1,password12,True
username2,,True
username3,,False
username4,pwd4,True
,password5,True
username1,password12,True
username2,,True
username3,,False
username4,pwd4,True
,password5,True
username1,password12,True
username2,,True
username3,,False
username4,pwd4,True
,password5,True
username1,password12,True
username2,,True
username3,,False
username4,pwd4,True
,password5,True
username1,password12,True
username2,,True
username3,,False
username4,pwd4,True
,password5,True
username1,password12,True
username2,,True
username3,,False
username4,pwd4,True
,password5,True
username1,password12,True
username1,password12,True
username2,,True
username3,,False
username4,pwd4,True
,password5,True
username1,password12,True
username2,,True
username3,,False
username4,pwd4,True
,password5,True
username1,password12,True
username2,,True
username3,,False
username4,pwd4,True
,password5,True
username1,password12,True
username2,,True
username3,,False
username4,pwd4,True
,password5,True
username1,password12,True
username2,,True
username3,,False
username4,pwd4,True
,password5,True
username1,password12,True
username2,,True
username3,,False
username4,pwd4,True
,password5,True
username1,password12,True
username2,,True
username3,,False
username4,pwd4,True
,password5,True
username1,password12,True
username2,,True
username3,,False
username4,pwd4,True
,password5,True
username1,password12,True
username2,,True
username3,,False
username4,pwd4,True
,password5,True
username1,password12,True
username2,,True
username3,,False
username4,pwd4,True
,password5,True
username1,password12,True
username1,password12,True
username2,,True
username3,,False
username4,pwd4,True
,password5,True
username1,password12,True
username2,,True
username3,,False
username4,pwd4,True
,password5,True
username1,password12,True
username2,,True
username3,,False
username4,pwd4,True
,password5,True
username1,password12,True
username2,,True
username3,,False
username4,pwd4,True
,password5,True
username1,password12,True
username2,,True
username3,,False
username4,pwd4,True
,password5,True
username1,password12,True
username2,,True
username3,,False
username4,pwd4,True
,password5,True
username1,password12,True
username2,,True
username3,,False
username4,pwd4,True
,password5,True
username1,password12,True
username2,,True
username3,,False
username4,pwd4,True
,password5,True
username1,password12,True
username2,,True
username3,,False
username4,pwd4,True
,password5,True
username1,password12,True
username2,,True
username3,,False
username4,pwd4,True
,password5,True
username1,password12,True
